"codigo_avaliacao";"titulo";"tipo";"versao";"quantidade_questoes";"tempo_minimo_minutos";"tempo_maximo_minutos";"avaliacao_ativa";"observacoes_avaliacao";"questao_id";"ordem";"ano_prova";"fase";"numero_original";"area";"habilidade_id";"habilidade";"dificuldade";"enunciado";"texto_apoio";"imagem_url";"alternativa_a";"alternativa_b";"alternativa_c";"alternativa_d";"alternativa_e";"alternativa_f";"gabarito";"explicacao";"fonte_url";"observacoes_questao";"questao_ativa"
"diagnostico-inicial-obb-v1";"Diagnóstico inicial OBB";"diagnostico_inicial";"1";"25";"30";"90";"NÃO";"Substitua as 25 questões provisórias e marque a avaliação como SIM somente após a revisão.";"obb-provisoria-01";"1";"2009";"1";"1";"ÁREA PROVISÓRIA — SUBSTITUIR";"habilidade-provisoria-01";"Habilidade provisória";"2";"QUESTÃO PROVISÓRIA 1 — SUBSTITUIR pelo enunciado da 1ª fase da OBB.";"";"";"Alternativa A provisória";"Alternativa B provisória";"Alternativa C provisória";"Alternativa D provisória";"";"";"A";"Explicação provisória do gabarito.";"https://olimpiadasdebiologia.butantan.gov.br/";"Use somente questões da 1ª fase da OBB entre 2009 e 2026.";"NÃO"
"diagnostico-inicial-obb-v1";"Diagnóstico inicial OBB";"diagnostico_inicial";"1";"25";"30";"90";"NÃO";"Substitua as 25 questões provisórias e marque a avaliação como SIM somente após a revisão.";"obb-provisoria-02";"2";"2010";"1";"2";"ÁREA PROVISÓRIA — SUBSTITUIR";"habilidade-provisoria-02";"Habilidade provisória";"2";"QUESTÃO PROVISÓRIA 2 — SUBSTITUIR pelo enunciado da 1ª fase da OBB.";"";"";"Alternativa A provisória";"Alternativa B provisória";"Alternativa C provisória";"Alternativa D provisória";"";"";"A";"Explicação provisória do gabarito.";"https://olimpiadasdebiologia.butantan.gov.br/";"Use somente questões da 1ª fase da OBB entre 2009 e 2026.";"NÃO"
"diagnostico-inicial-obb-v1";"Diagnóstico inicial OBB";"diagnostico_inicial";"1";"25";"30";"90";"NÃO";"Substitua as 25 questões provisórias e marque a avaliação como SIM somente após a revisão.";"obb-provisoria-03";"3";"2011";"1";"3";"ÁREA PROVISÓRIA — SUBSTITUIR";"habilidade-provisoria-03";"Habilidade provisória";"2";"QUESTÃO PROVISÓRIA 3 — SUBSTITUIR pelo enunciado da 1ª fase da OBB.";"";"";"Alternativa A provisória";"Alternativa B provisória";"Alternativa C provisória";"Alternativa D provisória";"";"";"A";"Explicação provisória do gabarito.";"https://olimpiadasdebiologia.butantan.gov.br/";"Use somente questões da 1ª fase da OBB entre 2009 e 2026.";"NÃO"
"diagnostico-inicial-obb-v1";"Diagnóstico inicial OBB";"diagnostico_inicial";"1";"25";"30";"90";"NÃO";"Substitua as 25 questões provisórias e marque a avaliação como SIM somente após a revisão.";"obb-provisoria-04";"4";"2012";"1";"4";"ÁREA PROVISÓRIA — SUBSTITUIR";"habilidade-provisoria-04";"Habilidade provisória";"2";"QUESTÃO PROVISÓRIA 4 — SUBSTITUIR pelo enunciado da 1ª fase da OBB.";"";"";"Alternativa A provisória";"Alternativa B provisória";"Alternativa C provisória";"Alternativa D provisória";"";"";"A";"Explicação provisória do gabarito.";"https://olimpiadasdebiologia.butantan.gov.br/";"Use somente questões da 1ª fase da OBB entre 2009 e 2026.";"NÃO"
"diagnostico-inicial-obb-v1";"Diagnóstico inicial OBB";"diagnostico_inicial";"1";"25";"30";"90";"NÃO";"Substitua as 25 questões provisórias e marque a avaliação como SIM somente após a revisão.";"obb-provisoria-05";"5";"2013";"1";"5";"ÁREA PROVISÓRIA — SUBSTITUIR";"habilidade-provisoria-05";"Habilidade provisória";"2";"QUESTÃO PROVISÓRIA 5 — SUBSTITUIR pelo enunciado da 1ª fase da OBB.";"";"";"Alternativa A provisória";"Alternativa B provisória";"Alternativa C provisória";"Alternativa D provisória";"";"";"A";"Explicação provisória do gabarito.";"https://olimpiadasdebiologia.butantan.gov.br/";"Use somente questões da 1ª fase da OBB entre 2009 e 2026.";"NÃO"
"diagnostico-inicial-obb-v1";"Diagnóstico inicial OBB";"diagnostico_inicial";"1";"25";"30";"90";"NÃO";"Substitua as 25 questões provisórias e marque a avaliação como SIM somente após a revisão.";"obb-provisoria-06";"6";"2014";"1";"6";"ÁREA PROVISÓRIA — SUBSTITUIR";"habilidade-provisoria-06";"Habilidade provisória";"2";"QUESTÃO PROVISÓRIA 6 — SUBSTITUIR pelo enunciado da 1ª fase da OBB.";"";"";"Alternativa A provisória";"Alternativa B provisória";"Alternativa C provisória";"Alternativa D provisória";"";"";"A";"Explicação provisória do gabarito.";"https://olimpiadasdebiologia.butantan.gov.br/";"Use somente questões da 1ª fase da OBB entre 2009 e 2026.";"NÃO"
"diagnostico-inicial-obb-v1";"Diagnóstico inicial OBB";"diagnostico_inicial";"1";"25";"30";"90";"NÃO";"Substitua as 25 questões provisórias e marque a avaliação como SIM somente após a revisão.";"obb-provisoria-07";"7";"2015";"1";"7";"ÁREA PROVISÓRIA — SUBSTITUIR";"habilidade-provisoria-07";"Habilidade provisória";"2";"QUESTÃO PROVISÓRIA 7 — SUBSTITUIR pelo enunciado da 1ª fase da OBB.";"";"";"Alternativa A provisória";"Alternativa B provisória";"Alternativa C provisória";"Alternativa D provisória";"";"";"A";"Explicação provisória do gabarito.";"https://olimpiadasdebiologia.butantan.gov.br/";"Use somente questões da 1ª fase da OBB entre 2009 e 2026.";"NÃO"
"diagnostico-inicial-obb-v1";"Diagnóstico inicial OBB";"diagnostico_inicial";"1";"25";"30";"90";"NÃO";"Substitua as 25 questões provisórias e marque a avaliação como SIM somente após a revisão.";"obb-provisoria-08";"8";"2016";"1";"8";"ÁREA PROVISÓRIA — SUBSTITUIR";"habilidade-provisoria-08";"Habilidade provisória";"2";"QUESTÃO PROVISÓRIA 8 — SUBSTITUIR pelo enunciado da 1ª fase da OBB.";"";"";"Alternativa A provisória";"Alternativa B provisória";"Alternativa C provisória";"Alternativa D provisória";"";"";"A";"Explicação provisória do gabarito.";"https://olimpiadasdebiologia.butantan.gov.br/";"Use somente questões da 1ª fase da OBB entre 2009 e 2026.";"NÃO"
"diagnostico-inicial-obb-v1";"Diagnóstico inicial OBB";"diagnostico_inicial";"1";"25";"30";"90";"NÃO";"Substitua as 25 questões provisórias e marque a avaliação como SIM somente após a revisão.";"obb-provisoria-09";"9";"2017";"1";"9";"ÁREA PROVISÓRIA — SUBSTITUIR";"habilidade-provisoria-09";"Habilidade provisória";"2";"QUESTÃO PROVISÓRIA 9 — SUBSTITUIR pelo enunciado da 1ª fase da OBB.";"";"";"Alternativa A provisória";"Alternativa B provisória";"Alternativa C provisória";"Alternativa D provisória";"";"";"A";"Explicação provisória do gabarito.";"https://olimpiadasdebiologia.butantan.gov.br/";"Use somente questões da 1ª fase da OBB entre 2009 e 2026.";"NÃO"
"diagnostico-inicial-obb-v1";"Diagnóstico inicial OBB";"diagnostico_inicial";"1";"25";"30";"90";"NÃO";"Substitua as 25 questões provisórias e marque a avaliação como SIM somente após a revisão.";"obb-provisoria-10";"10";"2018";"1";"10";"ÁREA PROVISÓRIA — SUBSTITUIR";"habilidade-provisoria-10";"Habilidade provisória";"2";"QUESTÃO PROVISÓRIA 10 — SUBSTITUIR pelo enunciado da 1ª fase da OBB.";"";"";"Alternativa A provisória";"Alternativa B provisória";"Alternativa C provisória";"Alternativa D provisória";"";"";"A";"Explicação provisória do gabarito.";"https://olimpiadasdebiologia.butantan.gov.br/";"Use somente questões da 1ª fase da OBB entre 2009 e 2026.";"NÃO"
"diagnostico-inicial-obb-v1";"Diagnóstico inicial OBB";"diagnostico_inicial";"1";"25";"30";"90";"NÃO";"Substitua as 25 questões provisórias e marque a avaliação como SIM somente após a revisão.";"obb-provisoria-11";"11";"2019";"1";"11";"ÁREA PROVISÓRIA — SUBSTITUIR";"habilidade-provisoria-11";"Habilidade provisória";"2";"QUESTÃO PROVISÓRIA 11 — SUBSTITUIR pelo enunciado da 1ª fase da OBB.";"";"";"Alternativa A provisória";"Alternativa B provisória";"Alternativa C provisória";"Alternativa D provisória";"";"";"A";"Explicação provisória do gabarito.";"https://olimpiadasdebiologia.butantan.gov.br/";"Use somente questões da 1ª fase da OBB entre 2009 e 2026.";"NÃO"
"diagnostico-inicial-obb-v1";"Diagnóstico inicial OBB";"diagnostico_inicial";"1";"25";"30";"90";"NÃO";"Substitua as 25 questões provisórias e marque a avaliação como SIM somente após a revisão.";"obb-provisoria-12";"12";"2020";"1";"12";"ÁREA PROVISÓRIA — SUBSTITUIR";"habilidade-provisoria-12";"Habilidade provisória";"2";"QUESTÃO PROVISÓRIA 12 — SUBSTITUIR pelo enunciado da 1ª fase da OBB.";"";"";"Alternativa A provisória";"Alternativa B provisória";"Alternativa C provisória";"Alternativa D provisória";"";"";"A";"Explicação provisória do gabarito.";"https://olimpiadasdebiologia.butantan.gov.br/";"Use somente questões da 1ª fase da OBB entre 2009 e 2026.";"NÃO"
"diagnostico-inicial-obb-v1";"Diagnóstico inicial OBB";"diagnostico_inicial";"1";"25";"30";"90";"NÃO";"Substitua as 25 questões provisórias e marque a avaliação como SIM somente após a revisão.";"obb-provisoria-13";"13";"2021";"1";"13";"ÁREA PROVISÓRIA — SUBSTITUIR";"habilidade-provisoria-13";"Habilidade provisória";"2";"QUESTÃO PROVISÓRIA 13 — SUBSTITUIR pelo enunciado da 1ª fase da OBB.";"";"";"Alternativa A provisória";"Alternativa B provisória";"Alternativa C provisória";"Alternativa D provisória";"";"";"A";"Explicação provisória do gabarito.";"https://olimpiadasdebiologia.butantan.gov.br/";"Use somente questões da 1ª fase da OBB entre 2009 e 2026.";"NÃO"
"diagnostico-inicial-obb-v1";"Diagnóstico inicial OBB";"diagnostico_inicial";"1";"25";"30";"90";"NÃO";"Substitua as 25 questões provisórias e marque a avaliação como SIM somente após a revisão.";"obb-provisoria-14";"14";"2022";"1";"14";"ÁREA PROVISÓRIA — SUBSTITUIR";"habilidade-provisoria-14";"Habilidade provisória";"2";"QUESTÃO PROVISÓRIA 14 — SUBSTITUIR pelo enunciado da 1ª fase da OBB.";"";"";"Alternativa A provisória";"Alternativa B provisória";"Alternativa C provisória";"Alternativa D provisória";"";"";"A";"Explicação provisória do gabarito.";"https://olimpiadasdebiologia.butantan.gov.br/";"Use somente questões da 1ª fase da OBB entre 2009 e 2026.";"NÃO"
"diagnostico-inicial-obb-v1";"Diagnóstico inicial OBB";"diagnostico_inicial";"1";"25";"30";"90";"NÃO";"Substitua as 25 questões provisórias e marque a avaliação como SIM somente após a revisão.";"obb-provisoria-15";"15";"2023";"1";"15";"ÁREA PROVISÓRIA — SUBSTITUIR";"habilidade-provisoria-15";"Habilidade provisória";"2";"QUESTÃO PROVISÓRIA 15 — SUBSTITUIR pelo enunciado da 1ª fase da OBB.";"";"";"Alternativa A provisória";"Alternativa B provisória";"Alternativa C provisória";"Alternativa D provisória";"";"";"A";"Explicação provisória do gabarito.";"https://olimpiadasdebiologia.butantan.gov.br/";"Use somente questões da 1ª fase da OBB entre 2009 e 2026.";"NÃO"
"diagnostico-inicial-obb-v1";"Diagnóstico inicial OBB";"diagnostico_inicial";"1";"25";"30";"90";"NÃO";"Substitua as 25 questões provisórias e marque a avaliação como SIM somente após a revisão.";"obb-provisoria-16";"16";"2024";"1";"16";"ÁREA PROVISÓRIA — SUBSTITUIR";"habilidade-provisoria-16";"Habilidade provisória";"2";"QUESTÃO PROVISÓRIA 16 — SUBSTITUIR pelo enunciado da 1ª fase da OBB.";"";"";"Alternativa A provisória";"Alternativa B provisória";"Alternativa C provisória";"Alternativa D provisória";"";"";"A";"Explicação provisória do gabarito.";"https://olimpiadasdebiologia.butantan.gov.br/";"Use somente questões da 1ª fase da OBB entre 2009 e 2026.";"NÃO"
"diagnostico-inicial-obb-v1";"Diagnóstico inicial OBB";"diagnostico_inicial";"1";"25";"30";"90";"NÃO";"Substitua as 25 questões provisórias e marque a avaliação como SIM somente após a revisão.";"obb-provisoria-17";"17";"2025";"1";"17";"ÁREA PROVISÓRIA — SUBSTITUIR";"habilidade-provisoria-17";"Habilidade provisória";"2";"QUESTÃO PROVISÓRIA 17 — SUBSTITUIR pelo enunciado da 1ª fase da OBB.";"";"";"Alternativa A provisória";"Alternativa B provisória";"Alternativa C provisória";"Alternativa D provisória";"";"";"A";"Explicação provisória do gabarito.";"https://olimpiadasdebiologia.butantan.gov.br/";"Use somente questões da 1ª fase da OBB entre 2009 e 2026.";"NÃO"
"diagnostico-inicial-obb-v1";"Diagnóstico inicial OBB";"diagnostico_inicial";"1";"25";"30";"90";"NÃO";"Substitua as 25 questões provisórias e marque a avaliação como SIM somente após a revisão.";"obb-provisoria-18";"18";"2026";"1";"18";"ÁREA PROVISÓRIA — SUBSTITUIR";"habilidade-provisoria-18";"Habilidade provisória";"2";"QUESTÃO PROVISÓRIA 18 — SUBSTITUIR pelo enunciado da 1ª fase da OBB.";"";"";"Alternativa A provisória";"Alternativa B provisória";"Alternativa C provisória";"Alternativa D provisória";"";"";"A";"Explicação provisória do gabarito.";"https://olimpiadasdebiologia.butantan.gov.br/";"Use somente questões da 1ª fase da OBB entre 2009 e 2026.";"NÃO"
"diagnostico-inicial-obb-v1";"Diagnóstico inicial OBB";"diagnostico_inicial";"1";"25";"30";"90";"NÃO";"Substitua as 25 questões provisórias e marque a avaliação como SIM somente após a revisão.";"obb-provisoria-19";"19";"2009";"1";"19";"ÁREA PROVISÓRIA — SUBSTITUIR";"habilidade-provisoria-19";"Habilidade provisória";"2";"QUESTÃO PROVISÓRIA 19 — SUBSTITUIR pelo enunciado da 1ª fase da OBB.";"";"";"Alternativa A provisória";"Alternativa B provisória";"Alternativa C provisória";"Alternativa D provisória";"";"";"A";"Explicação provisória do gabarito.";"https://olimpiadasdebiologia.butantan.gov.br/";"Use somente questões da 1ª fase da OBB entre 2009 e 2026.";"NÃO"
"diagnostico-inicial-obb-v1";"Diagnóstico inicial OBB";"diagnostico_inicial";"1";"25";"30";"90";"NÃO";"Substitua as 25 questões provisórias e marque a avaliação como SIM somente após a revisão.";"obb-provisoria-20";"20";"2010";"1";"20";"ÁREA PROVISÓRIA — SUBSTITUIR";"habilidade-provisoria-20";"Habilidade provisória";"2";"QUESTÃO PROVISÓRIA 20 — SUBSTITUIR pelo enunciado da 1ª fase da OBB.";"";"";"Alternativa A provisória";"Alternativa B provisória";"Alternativa C provisória";"Alternativa D provisória";"";"";"A";"Explicação provisória do gabarito.";"https://olimpiadasdebiologia.butantan.gov.br/";"Use somente questões da 1ª fase da OBB entre 2009 e 2026.";"NÃO"
"diagnostico-inicial-obb-v1";"Diagnóstico inicial OBB";"diagnostico_inicial";"1";"25";"30";"90";"NÃO";"Substitua as 25 questões provisórias e marque a avaliação como SIM somente após a revisão.";"obb-provisoria-21";"21";"2011";"1";"21";"ÁREA PROVISÓRIA — SUBSTITUIR";"habilidade-provisoria-21";"Habilidade provisória";"2";"QUESTÃO PROVISÓRIA 21 — SUBSTITUIR pelo enunciado da 1ª fase da OBB.";"";"";"Alternativa A provisória";"Alternativa B provisória";"Alternativa C provisória";"Alternativa D provisória";"";"";"A";"Explicação provisória do gabarito.";"https://olimpiadasdebiologia.butantan.gov.br/";"Use somente questões da 1ª fase da OBB entre 2009 e 2026.";"NÃO"
"diagnostico-inicial-obb-v1";"Diagnóstico inicial OBB";"diagnostico_inicial";"1";"25";"30";"90";"NÃO";"Substitua as 25 questões provisórias e marque a avaliação como SIM somente após a revisão.";"obb-provisoria-22";"22";"2012";"1";"22";"ÁREA PROVISÓRIA — SUBSTITUIR";"habilidade-provisoria-22";"Habilidade provisória";"2";"QUESTÃO PROVISÓRIA 22 — SUBSTITUIR pelo enunciado da 1ª fase da OBB.";"";"";"Alternativa A provisória";"Alternativa B provisória";"Alternativa C provisória";"Alternativa D provisória";"";"";"A";"Explicação provisória do gabarito.";"https://olimpiadasdebiologia.butantan.gov.br/";"Use somente questões da 1ª fase da OBB entre 2009 e 2026.";"NÃO"
"diagnostico-inicial-obb-v1";"Diagnóstico inicial OBB";"diagnostico_inicial";"1";"25";"30";"90";"NÃO";"Substitua as 25 questões provisórias e marque a avaliação como SIM somente após a revisão.";"obb-provisoria-23";"23";"2013";"1";"23";"ÁREA PROVISÓRIA — SUBSTITUIR";"habilidade-provisoria-23";"Habilidade provisória";"2";"QUESTÃO PROVISÓRIA 23 — SUBSTITUIR pelo enunciado da 1ª fase da OBB.";"";"";"Alternativa A provisória";"Alternativa B provisória";"Alternativa C provisória";"Alternativa D provisória";"";"";"A";"Explicação provisória do gabarito.";"https://olimpiadasdebiologia.butantan.gov.br/";"Use somente questões da 1ª fase da OBB entre 2009 e 2026.";"NÃO"
"diagnostico-inicial-obb-v1";"Diagnóstico inicial OBB";"diagnostico_inicial";"1";"25";"30";"90";"NÃO";"Substitua as 25 questões provisórias e marque a avaliação como SIM somente após a revisão.";"obb-provisoria-24";"24";"2014";"1";"24";"ÁREA PROVISÓRIA — SUBSTITUIR";"habilidade-provisoria-24";"Habilidade provisória";"2";"QUESTÃO PROVISÓRIA 24 — SUBSTITUIR pelo enunciado da 1ª fase da OBB.";"";"";"Alternativa A provisória";"Alternativa B provisória";"Alternativa C provisória";"Alternativa D provisória";"";"";"A";"Explicação provisória do gabarito.";"https://olimpiadasdebiologia.butantan.gov.br/";"Use somente questões da 1ª fase da OBB entre 2009 e 2026.";"NÃO"
"diagnostico-inicial-obb-v1";"Diagnóstico inicial OBB";"diagnostico_inicial";"1";"25";"30";"90";"NÃO";"Substitua as 25 questões provisórias e marque a avaliação como SIM somente após a revisão.";"obb-provisoria-25";"25";"2015";"1";"25";"ÁREA PROVISÓRIA — SUBSTITUIR";"habilidade-provisoria-25";"Habilidade provisória";"2";"QUESTÃO PROVISÓRIA 25 — SUBSTITUIR pelo enunciado da 1ª fase da OBB.";"";"";"Alternativa A provisória";"Alternativa B provisória";"Alternativa C provisória";"Alternativa D provisória";"";"";"A";"Explicação provisória do gabarito.";"https://olimpiadasdebiologia.butantan.gov.br/";"Use somente questões da 1ª fase da OBB entre 2009 e 2026.";"NÃO"